{
  "dataset": "Cora_ML",
  "ver": "aron_desc",
  "seed": 3,
  "pre_prune_frac": 0.45,
  "pre_prune_scope": "cp_all",
  "gmm_k": 16,
  "gmm_tau": 0.55,
  "alpha": 0.8,
  "gamma": 0.8,
  "stage": "final",
  "best_epoch": 6,
  "val_roc": 0.9421185760252099,
  "val_ap": 0.9475629693452965,
  "test_hit1": 0.07116564417177915,
  "test_hit3": 0.1656441717791411,
  "test_hit10": 0.36073619631901843
}