{
  "dataset": "citeseer",
  "ver": "aron_desc",
  "seed": 0,
  "pre_prune_frac": 0.6,
  "pre_prune_scope": "cp_all",
  "gmm_k": 16,
  "gmm_tau": 0.55,
  "alpha": 0.8,
  "gamma": 0.8,
  "stage": "final",
  "best_epoch": 208,
  "val_roc": 0.9434493198005007,
  "val_ap": 0.9518340587729811,
  "test_hit1": 0.21318681318681318,
  "test_hit3": 0.3802197802197802,
  "test_hit10": 0.5692307692307692
}