{
  "dataset": "LastFMAsia",
  "ver": "aron_desc",
  "seed": 2,
  "pre_prune_frac": 0.15,
  "pre_prune_scope": "cp_all",
  "gmm_k": 16,
  "gmm_tau": 0.55,
  "alpha": 0.8,
  "gamma": 0.8,
  "stage": "final",
  "best_epoch": 223,
  "val_roc": 0.957816365612546,
  "val_ap": 0.9585584886624893,
  "test_hit1": 0.07949640287769784,
  "test_hit3": 0.1971223021582734,
  "test_hit10": 0.4053956834532374
}