{
  "dataset": "Cora_ML",
  "ver": "aron_desc",
  "seed": 3,
  "pre_prune_frac": 0.7,
  "pre_prune_scope": "cp_all",
  "gmm_k": 16,
  "gmm_tau": 0.55,
  "alpha": 0.8,
  "gamma": 0.8,
  "stage": "final",
  "best_epoch": 7,
  "val_roc": 0.9347234212099076,
  "val_ap": 0.939552703479103,
  "test_hit1": 0.07730061349693251,
  "test_hit3": 0.19754601226993865,
  "test_hit10": 0.36319018404907977
}