{
  "dataset": "Cora_ML",
  "ver": "aron_desc",
  "seed": 0,
  "pre_prune_frac": 0.25,
  "pre_prune_scope": "cp_all",
  "gmm_k": 16,
  "gmm_tau": 0.55,
  "alpha": 0.8,
  "gamma": 0.8,
  "stage": "final",
  "best_epoch": 84,
  "val_roc": 0.9490549293989097,
  "val_ap": 0.9571298260723397,
  "test_hit1": 0.04785276073619632,
  "test_hit3": 0.16441717791411042,
  "test_hit10": 0.5226993865030675
}