{
  "dataset": "cora",
  "ver": "aron_desc",
  "seed": 4,
  "pre_prune_frac": 0.65,
  "pre_prune_scope": "cp_all",
  "gmm_k": 16,
  "gmm_tau": 0.55,
  "alpha": 0.8,
  "gamma": 0.8,
  "stage": "final",
  "best_epoch": 168,
  "val_roc": 0.9019792103398923,
  "val_ap": 0.9118233370641576,
  "test_hit1": 0.05502846299810247,
  "test_hit3": 0.33586337760910817,
  "test_hit10": 0.5123339658444023
}