{
  "dataset": "citeseer",
  "ver": "aron_desc",
  "seed": 1,
  "pre_prune_frac": 0.2,
  "pre_prune_scope": "cp_all",
  "gmm_k": 16,
  "gmm_tau": 0.55,
  "alpha": 0.8,
  "gamma": 0.8,
  "stage": "final",
  "best_epoch": 216,
  "val_roc": 0.9589357449203361,
  "val_ap": 0.9659504097571456,
  "test_hit1": 0.27692307692307694,
  "test_hit3": 0.47912087912087914,
  "test_hit10": 0.6923076923076923
}