{
  "dataset": "cora",
  "ver": "aron_desc",
  "seed": 0,
  "pre_prune_frac": 0.2,
  "pre_prune_scope": "cp_all",
  "gmm_k": 16,
  "gmm_tau": 0.55,
  "alpha": 0.8,
  "gamma": 0.8,
  "stage": "final",
  "best_epoch": 113,
  "val_roc": 0.9279445994592954,
  "val_ap": 0.9402967369371444,
  "test_hit1": 0.013282732447817837,
  "test_hit3": 0.5218216318785579,
  "test_hit10": 0.6110056925996205
}