{
  "dataset": "Cora_ML",
  "ver": "aron_desc",
  "seed": 2,
  "pre_prune_frac": 0.25,
  "pre_prune_scope": "cp_all",
  "gmm_k": 16,
  "gmm_tau": 0.55,
  "alpha": 0.8,
  "gamma": 0.8,
  "stage": "final",
  "best_epoch": 83,
  "val_roc": 0.9497250209780921,
  "val_ap": 0.9575521564424925,
  "test_hit1": 0.05276073619631902,
  "test_hit3": 0.1901840490797546,
  "test_hit10": 0.5251533742331288
}