{
  "dataset": "Cora_ML",
  "ver": "aron_desc",
  "seed": 0,
  "pre_prune_frac": 0.5,
  "pre_prune_scope": "cp_all",
  "gmm_k": 16,
  "gmm_tau": 0.55,
  "alpha": 0.8,
  "gamma": 0.8,
  "stage": "final",
  "best_epoch": 8,
  "val_roc": 0.9412975629191845,
  "val_ap": 0.9460431243046523,
  "test_hit1": 0.08834355828220859,
  "test_hit3": 0.2184049079754601,
  "test_hit10": 0.37300613496932516
}