{
  "dataset": "Cora_ML",
  "ver": "aron_desc",
  "seed": 2,
  "pre_prune_frac": 0.6,
  "pre_prune_scope": "cp_all",
  "gmm_k": 16,
  "gmm_tau": 0.55,
  "alpha": 0.8,
  "gamma": 0.8,
  "stage": "final",
  "best_epoch": 7,
  "val_roc": 0.9377418517467658,
  "val_ap": 0.942654809250042,
  "test_hit1": 0.08711656441717791,
  "test_hit3": 0.19263803680981595,
  "test_hit10": 0.39263803680981596
}