{
  "dataset": "LastFMAsia",
  "ver": "aron_desc",
  "seed": 4,
  "pre_prune_frac": 0.05,
  "pre_prune_scope": "cp_all",
  "gmm_k": 16,
  "gmm_tau": 0.55,
  "alpha": 0.8,
  "gamma": 0.8,
  "stage": "final",
  "best_epoch": 224,
  "val_roc": 0.9631993685627039,
  "val_ap": 0.9624219663095748,
  "test_hit1": 0.07086330935251799,
  "test_hit3": 0.17194244604316547,
  "test_hit10": 0.3766187050359712
}