{
  "dataset": "cora",
  "ver": "aron_desc",
  "seed": 2,
  "pre_prune_frac": 0.3,
  "pre_prune_scope": "cp_all",
  "gmm_k": 16,
  "gmm_tau": 0.55,
  "alpha": 0.8,
  "gamma": 0.8,
  "stage": "final",
  "best_epoch": 115,
  "val_roc": 0.9246627824603507,
  "val_ap": 0.9347605029635221,
  "test_hit1": 0.020872865275142316,
  "test_hit3": 0.48956356736242884,
  "test_hit10": 0.6110056925996205
}