{
  "dataset": "citeseer",
  "ver": "aron_desc",
  "seed": 2,
  "pre_prune_frac": 0.65,
  "pre_prune_scope": "cp_all",
  "gmm_k": 16,
  "gmm_tau": 0.55,
  "alpha": 0.8,
  "gamma": 0.8,
  "stage": "final",
  "best_epoch": 146,
  "val_roc": 0.9448659977876535,
  "val_ap": 0.9538183842168998,
  "test_hit1": 0.1956043956043956,
  "test_hit3": 0.4043956043956044,
  "test_hit10": 0.545054945054945
}