{
  "dataset": "Cora_ML",
  "ver": "aron_desc",
  "seed": 2,
  "pre_prune_frac": 0.1,
  "pre_prune_scope": "cp_all",
  "gmm_k": 16,
  "gmm_tau": 0.55,
  "alpha": 0.8,
  "gamma": 0.8,
  "stage": "final",
  "best_epoch": 168,
  "val_roc": 0.9574823874578176,
  "val_ap": 0.9651565106073391,
  "test_hit1": 0.05030674846625767,
  "test_hit3": 0.3815950920245399,
  "test_hit10": 0.6368098159509202
}