{
  "dataset": "citeseer",
  "ver": "aron_desc",
  "seed": 0,
  "pre_prune_frac": 0.5,
  "pre_prune_scope": "cp_all",
  "gmm_k": 16,
  "gmm_tau": 0.55,
  "alpha": 0.8,
  "gamma": 0.8,
  "stage": "final",
  "best_epoch": 133,
  "val_roc": 0.9473888489976519,
  "val_ap": 0.9542731821994401,
  "test_hit1": 0.2725274725274725,
  "test_hit3": 0.4175824175824176,
  "test_hit10": 0.5824175824175825
}