{
  "dataset": "Cora_ML",
  "ver": "aron_desc",
  "seed": 0,
  "pre_prune_frac": 0.1,
  "pre_prune_scope": "cp_all",
  "gmm_k": 16,
  "gmm_tau": 0.55,
  "alpha": 0.8,
  "gamma": 0.8,
  "stage": "final",
  "best_epoch": 105,
  "val_roc": 0.9576091615403656,
  "val_ap": 0.9657868420238076,
  "test_hit1": 0.05276073619631902,
  "test_hit3": 0.37300613496932516,
  "test_hit10": 0.5815950920245399
}