{
  "dataset": "citeseer",
  "ver": "aron_desc",
  "seed": 1,
  "pre_prune_frac": 0.5,
  "pre_prune_scope": "cp_all",
  "gmm_k": 16,
  "gmm_tau": 0.55,
  "alpha": 0.8,
  "gamma": 0.8,
  "stage": "final",
  "best_epoch": 213,
  "val_roc": 0.9506491490228803,
  "val_ap": 0.958465949685409,
  "test_hit1": 0.23956043956043957,
  "test_hit3": 0.3956043956043956,
  "test_hit10": 0.6065934065934065
}