{
  "dataset": "LastFMAsia",
  "ver": "aron_desc",
  "seed": 4,
  "pre_prune_frac": 0.35,
  "pre_prune_scope": "cp_all",
  "gmm_k": 16,
  "gmm_tau": 0.55,
  "alpha": 0.8,
  "gamma": 0.8,
  "stage": "final",
  "best_epoch": 314,
  "val_roc": 0.9489110294498214,
  "val_ap": 0.951465096510741,
  "test_hit1": 0.10143884892086331,
  "test_hit3": 0.2237410071942446,
  "test_hit10": 0.308273381294964
}