{
  "dataset": "cora",
  "ver": "aron_desc",
  "seed": 4,
  "pre_prune_frac": 0.3,
  "pre_prune_scope": "cp_all",
  "gmm_k": 16,
  "gmm_tau": 0.55,
  "alpha": 0.8,
  "gamma": 0.8,
  "stage": "final",
  "best_epoch": 116,
  "val_roc": 0.9243591782445895,
  "val_ap": 0.9346518020250222,
  "test_hit1": 0.030360531309297913,
  "test_hit3": 0.5123339658444023,
  "test_hit10": 0.6148007590132827
}