{
  "dataset": "cora",
  "ver": "aron_desc",
  "seed": 1,
  "pre_prune_frac": 0.15,
  "pre_prune_scope": "cp_all",
  "gmm_k": 16,
  "gmm_tau": 0.55,
  "alpha": 0.8,
  "gamma": 0.8,
  "stage": "final",
  "best_epoch": 130,
  "val_roc": 0.923824256531105,
  "val_ap": 0.9394553127196382,
  "test_hit1": 0.03984819734345351,
  "test_hit3": 0.5218216318785579,
  "test_hit10": 0.6470588235294118
}