{
  "dataset": "citeseer",
  "ver": "aron_desc",
  "seed": 2,
  "pre_prune_frac": 0.7,
  "pre_prune_scope": "cp_all",
  "gmm_k": 16,
  "gmm_tau": 0.55,
  "alpha": 0.8,
  "gamma": 0.8,
  "stage": "final",
  "best_epoch": 182,
  "val_roc": 0.9412951929981176,
  "val_ap": 0.9498575739842087,
  "test_hit1": 0.17802197802197803,
  "test_hit3": 0.4087912087912088,
  "test_hit10": 0.5098901098901099
}