{
  "dataset": "LastFMAsia",
  "ver": "aron_desc",
  "seed": 1,
  "pre_prune_frac": 0.05,
  "pre_prune_scope": "cp_all",
  "gmm_k": 16,
  "gmm_tau": 0.55,
  "alpha": 0.8,
  "gamma": 0.8,
  "stage": "final",
  "best_epoch": 224,
  "val_roc": 0.9631577040525853,
  "val_ap": 0.9623635450935099,
  "test_hit1": 0.07266187050359713,
  "test_hit3": 0.1683453237410072,
  "test_hit10": 0.3712230215827338
}