{
  "dataset": "LastFMAsia",
  "ver": "aron_desc",
  "seed": 0,
  "pre_prune_frac": 0.3,
  "pre_prune_scope": "cp_all",
  "gmm_k": 16,
  "gmm_tau": 0.55,
  "alpha": 0.8,
  "gamma": 0.8,
  "stage": "final",
  "best_epoch": 224,
  "val_roc": 0.9499133067646602,
  "val_ap": 0.9528057337130376,
  "test_hit1": 0.12338129496402878,
  "test_hit3": 0.22194244604316546,
  "test_hit10": 0.33705035971223024
}