{
  "dataset": "citeseer",
  "ver": "aron_desc",
  "seed": 4,
  "pre_prune_frac": 0.8,
  "pre_prune_scope": "cp_all",
  "gmm_k": 16,
  "gmm_tau": 0.55,
  "alpha": 0.8,
  "gamma": 0.8,
  "stage": "final",
  "best_epoch": 364,
  "val_roc": 0.925983426808205,
  "val_ap": 0.9378083438689361,
  "test_hit1": 0.054945054945054944,
  "test_hit3": 0.3274725274725275,
  "test_hit10": 0.5208791208791209
}