dataset,mode,test_hit3_mean,test_hit3_var,test_hit3_std,test_hit3_n_eff,test_hit10_mean,test_hit10_var,test_hit10_std,test_hit10_n_eff,n_runs
Cora_ML,inter,0.2554601226993865,0.006166852764918179,0.07852931150161817,10.0,0.5282208588957055,0.0007394582658988545,0.027192981923629754,10.0,10.0
Cora_ML,intra,0.23889570552147243,0.005551683039130817,0.07450961709155951,10.0,0.5242944785276074,0.000745747968601671,0.027308386415196177,10.0,10.0
LastFMAsia,inter,0.20017985611510788,0.002209376383785058,0.04700400391227388,10.0,0.34647482014388487,0.0018516352385717326,0.043030631398710995,10.0,10.0
LastFMAsia,intra,0.195,0.0007224565671204042,0.026878552176789663,10.0,0.35780575539568343,0.00033639419399732,0.018341052150771503,10.0,10.0
citeseer,inter,0.6353846153846154,0.000853842128567403,0.029220577142955322,10.0,0.7551648351648351,0.00012150974788337439,0.011023146006625077,10.0,10.0
citeseer,intra,0.5931868131868132,0.0014130875229776316,0.037591056422740125,10.0,0.7397802197802198,0.0001934280615599297,0.013907841729036526,10.0,10.0
cora,inter,0.5829222011385199,0.00016066821333826197,0.012675496571663848,10.0,0.6925996204933587,0.00021123709323357163,0.014533997840703418,10.0,10.0
cora,intra,0.5859582542694497,0.0035004546798417793,0.05916464045223109,10.0,0.684629981024668,0.0005591381846652267,0.023646102948799548,10.0,10.0
