{
  "dataset": "cora",
  "ver": "aron_desc",
  "seed": 0,
  "pre_prune_frac": 0.35,
  "pre_prune_scope": "cp_all",
  "gmm_k": 16,
  "gmm_tau": 0.55,
  "alpha": 0.8,
  "gamma": 0.8,
  "stage": "final",
  "best_epoch": 115,
  "val_roc": 0.919226821263861,
  "val_ap": 0.9299662822523821,
  "test_hit1": 0.017077798861480076,
  "test_hit3": 0.428842504743833,
  "test_hit10": 0.5977229601518027
}