{
  "dataset": "LastFMAsia",
  "ver": "aron_desc",
  "seed": 2,
  "pre_prune_frac": 0.7,
  "pre_prune_scope": "cp_all",
  "gmm_k": 16,
  "gmm_tau": 0.55,
  "alpha": 0.8,
  "gamma": 0.8,
  "stage": "final",
  "best_epoch": 432,
  "val_roc": 0.9287510998395528,
  "val_ap": 0.9331276869198304,
  "test_hit1": 0.11115107913669064,
  "test_hit3": 0.1435251798561151,
  "test_hit10": 0.25
}