{
  "dataset": "LastFMAsia",
  "ver": "aron_desc",
  "seed": 1,
  "pre_prune_frac": 0.0,
  "pre_prune_scope": "cp_all",
  "gmm_k": 16,
  "gmm_tau": 0.55,
  "alpha": 0.8,
  "gamma": 0.8,
  "stage": "final",
  "best_epoch": 313,
  "val_roc": 0.9664062419129444,
  "val_ap": 0.9641756902927441,
  "test_hit1": 0.06258992805755395,
  "test_hit3": 0.17841726618705037,
  "test_hit10": 0.3133093525179856
}