{
  "dataset": "cora",
  "ver": "aron_desc",
  "seed": 2,
  "pre_prune_frac": 0.7,
  "pre_prune_scope": "cp_all",
  "gmm_k": 16,
  "gmm_tau": 0.55,
  "alpha": 0.8,
  "gamma": 0.8,
  "stage": "final",
  "best_epoch": 302,
  "val_roc": 0.8938252685451575,
  "val_ap": 0.904853084737451,
  "test_hit1": 0.009487666034155597,
  "test_hit3": 0.27893738140417457,
  "test_hit10": 0.4686907020872865
}