{
  "dataset": "citeseer",
  "ver": "aron_desc",
  "seed": 4,
  "pre_prune_frac": 0.7,
  "pre_prune_scope": "cp_all",
  "gmm_k": 16,
  "gmm_tau": 0.55,
  "alpha": 0.8,
  "gamma": 0.8,
  "stage": "final",
  "best_epoch": 183,
  "val_roc": 0.9409458751382717,
  "val_ap": 0.9498892703163409,
  "test_hit1": 0.18021978021978022,
  "test_hit3": 0.4307692307692308,
  "test_hit10": 0.4967032967032967
}