{
  "dataset": "citeseer",
  "ver": "aron_desc",
  "seed": 2,
  "pre_prune_frac": 0.35,
  "pre_prune_scope": "cp_all",
  "gmm_k": 16,
  "gmm_tau": 0.55,
  "alpha": 0.8,
  "gamma": 0.8,
  "stage": "final",
  "best_epoch": 131,
  "val_roc": 0.952861495468571,
  "val_ap": 0.9615546665104014,
  "test_hit1": 0.3208791208791209,
  "test_hit3": 0.4879120879120879,
  "test_hit10": 0.6065934065934065
}