{
  "dataset": "LastFMAsia",
  "ver": "aron_desc",
  "seed": 1,
  "pre_prune_frac": 0.55,
  "pre_prune_scope": "cp_all",
  "gmm_k": 16,
  "gmm_tau": 0.55,
  "alpha": 0.8,
  "gamma": 0.8,
  "stage": "final",
  "best_epoch": 314,
  "val_roc": 0.9368241809430153,
  "val_ap": 0.9417190912536048,
  "test_hit1": 0.06223021582733813,
  "test_hit3": 0.16330935251798562,
  "test_hit10": 0.29244604316546763
}