{
  "dataset": "cora",
  "ver": "aron_desc",
  "seed": 1,
  "pre_prune_frac": 0.5,
  "pre_prune_scope": "cp_all",
  "gmm_k": 16,
  "gmm_tau": 0.55,
  "alpha": 0.8,
  "gamma": 0.8,
  "stage": "final",
  "best_epoch": 130,
  "val_roc": 0.9110728794691264,
  "val_ap": 0.9212955528005403,
  "test_hit1": 0.026565464895635674,
  "test_hit3": 0.4250474383301708,
  "test_hit10": 0.5521821631878557
}