{
  "dataset": "citeseer",
  "ver": "aron_desc",
  "seed": 0,
  "pre_prune_frac": 0.2,
  "pre_prune_scope": "cp_all",
  "gmm_k": 16,
  "gmm_tau": 0.55,
  "alpha": 0.8,
  "gamma": 0.8,
  "stage": "final",
  "best_epoch": 215,
  "val_roc": 0.9600225115954122,
  "val_ap": 0.9665289212636885,
  "test_hit1": 0.2989010989010989,
  "test_hit3": 0.4967032967032967,
  "test_hit10": 0.7054945054945055
}