{
  "dataset": "cora",
  "ver": "aron_desc",
  "seed": 0,
  "pre_prune_frac": 0.5,
  "pre_prune_scope": "cp_all",
  "gmm_k": 16,
  "gmm_tau": 0.55,
  "alpha": 0.8,
  "gamma": 0.8,
  "stage": "final",
  "best_epoch": 131,
  "val_roc": 0.911593343839003,
  "val_ap": 0.9213769995231301,
  "test_hit1": 0.026565464895635674,
  "test_hit3": 0.47058823529411764,
  "test_hit10": 0.540796963946869
}