{
  "dataset": "LastFMAsia",
  "ver": "aron_desc",
  "seed": 2,
  "pre_prune_frac": 0.2,
  "pre_prune_scope": "cp_all",
  "gmm_k": 16,
  "gmm_tau": 0.55,
  "alpha": 0.8,
  "gamma": 0.8,
  "stage": "final",
  "best_epoch": 223,
  "val_roc": 0.9558128461259771,
  "val_ap": 0.9567951472710001,
  "test_hit1": 0.09100719424460432,
  "test_hit3": 0.21294964028776978,
  "test_hit10": 0.3532374100719424
}