{
  "dataset": "LastFMAsia",
  "ver": "aron_desc",
  "seed": 2,
  "pre_prune_frac": 0.9,
  "pre_prune_scope": "cp_minus_c0p",
  "gmm_k": 16,
  "gmm_tau": 0.55,
  "alpha": 0.8,
  "gamma": 0.8,
  "stage": "final",
  "best_epoch": 313,
  "val_roc": 0.9650049169297654,
  "val_ap": 0.9634587145055256,
  "test_hit1": 0.05935251798561151,
  "test_hit3": 0.18525179856115107,
  "test_hit10": 0.3302158273381295
}