{
  "dataset": "Cora_ML",
  "ver": "aron_desc",
  "seed": 3,
  "pre_prune_frac": 0.0,
  "pre_prune_scope": "cp_all",
  "gmm_k": 16,
  "gmm_tau": 0.55,
  "alpha": 0.8,
  "gamma": 0.8,
  "stage": "final",
  "best_epoch": 159,
  "val_roc": 0.9654691546583437,
  "val_ap": 0.9721392577118053,
  "test_hit1": 0.04294478527607362,
  "test_hit3": 0.2809815950920245,
  "test_hit10": 0.6134969325153374
}