{
  "dataset": "cora",
  "ver": "aron_desc",
  "seed": 0,
  "pre_prune_frac": 0.4,
  "pre_prune_scope": "cp_all",
  "gmm_k": 16,
  "gmm_tau": 0.55,
  "alpha": 0.8,
  "gamma": 0.8,
  "stage": "final",
  "best_epoch": 131,
  "val_roc": 0.9222339487342596,
  "val_ap": 0.930849974125924,
  "test_hit1": 0.020872865275142316,
  "test_hit3": 0.4269449715370019,
  "test_hit10": 0.5464895635673624
}