{
  "dataset": "citeseer",
  "ver": "aron_desc",
  "seed": 0,
  "pre_prune_frac": 0.4,
  "pre_prune_scope": "cp_all",
  "gmm_k": 16,
  "gmm_tau": 0.55,
  "alpha": 0.8,
  "gamma": 0.8,
  "stage": "final",
  "best_epoch": 259,
  "val_roc": 0.9544334258378777,
  "val_ap": 0.9597557839687787,
  "test_hit1": 0.27692307692307694,
  "test_hit3": 0.42857142857142855,
  "test_hit10": 0.6197802197802198
}