{
  "dataset": "citeseer",
  "ver": "aron_desc",
  "seed": 0,
  "pre_prune_frac": 0.3,
  "pre_prune_scope": "cp_all",
  "gmm_k": 16,
  "gmm_tau": 0.55,
  "alpha": 0.8,
  "gamma": 0.8,
  "stage": "final",
  "best_epoch": 254,
  "val_roc": 0.957499660385414,
  "val_ap": 0.9628050810788387,
  "test_hit1": 0.15164835164835164,
  "test_hit3": 0.3824175824175824,
  "test_hit10": 0.6681318681318681
}