{
  "dataset": "LastFMAsia",
  "ver": "aron_desc",
  "seed": 1,
  "pre_prune_frac": 0.7,
  "pre_prune_scope": "cp_all",
  "gmm_k": 16,
  "gmm_tau": 0.55,
  "alpha": 0.8,
  "gamma": 0.8,
  "stage": "final",
  "best_epoch": 432,
  "val_roc": 0.9285476942187256,
  "val_ap": 0.9330666684143547,
  "test_hit1": 0.11258992805755395,
  "test_hit3": 0.14244604316546763,
  "test_hit10": 0.24964028776978417
}