{
  "dataset": "Cora_ML",
  "ver": "aron_desc",
  "seed": 0,
  "pre_prune_frac": 0.15,
  "pre_prune_scope": "cp_all",
  "gmm_k": 16,
  "gmm_tau": 0.55,
  "alpha": 0.8,
  "gamma": 0.8,
  "stage": "final",
  "best_epoch": 178,
  "val_roc": 0.9571262126544682,
  "val_ap": 0.9642280046790099,
  "test_hit1": 0.06748466257668712,
  "test_hit3": 0.37423312883435583,
  "test_hit10": 0.5950920245398773
}