{
  "dataset": "LastFMAsia",
  "ver": "aron_desc",
  "seed": 4,
  "pre_prune_frac": 0.9,
  "pre_prune_scope": "cp_minus_c0p",
  "gmm_k": 16,
  "gmm_tau": 0.55,
  "alpha": 0.8,
  "gamma": 0.8,
  "stage": "final",
  "best_epoch": 223,
  "val_roc": 0.9650442523678898,
  "val_ap": 0.9632836708065684,
  "test_hit1": 0.04064748201438849,
  "test_hit3": 0.2273381294964029,
  "test_hit10": 0.40179856115107915
}