{
  "dataset": "LastFMAsia",
  "ver": "aron_desc",
  "seed": 3,
  "pre_prune_frac": 0.35,
  "pre_prune_scope": "cp_all",
  "gmm_k": 16,
  "gmm_tau": 0.55,
  "alpha": 0.8,
  "gamma": 0.8,
  "stage": "final",
  "best_epoch": 315,
  "val_roc": 0.9489969463278296,
  "val_ap": 0.951383506411044,
  "test_hit1": 0.10503597122302158,
  "test_hit3": 0.2302158273381295,
  "test_hit10": 0.31510791366906477
}