{
  "dataset": "cora",
  "ver": "aron_desc",
  "seed": 3,
  "pre_prune_frac": 0.7,
  "pre_prune_scope": "cp_all",
  "gmm_k": 16,
  "gmm_tau": 0.55,
  "alpha": 0.8,
  "gamma": 0.8,
  "stage": "final",
  "best_epoch": 211,
  "val_roc": 0.8920181005941968,
  "val_ap": 0.9027235605698897,
  "test_hit1": 0.011385199240986717,
  "test_hit3": 0.3111954459203036,
  "test_hit10": 0.47438330170777987
}