{
  "dataset": "cora",
  "ver": "aron_desc",
  "seed": 1,
  "pre_prune_frac": 0.65,
  "pre_prune_scope": "cp_all",
  "gmm_k": 16,
  "gmm_tau": 0.55,
  "alpha": 0.8,
  "gamma": 0.8,
  "stage": "final",
  "best_epoch": 141,
  "val_roc": 0.9006057626971621,
  "val_ap": 0.9104153095216585,
  "test_hit1": 0.04174573055028463,
  "test_hit3": 0.3092979127134725,
  "test_hit10": 0.5028462998102466
}