{
  "dataset": "LastFMAsia",
  "ver": "aron_desc",
  "seed": 3,
  "pre_prune_frac": 0.55,
  "pre_prune_scope": "cp_all",
  "gmm_k": 16,
  "gmm_tau": 0.55,
  "alpha": 0.8,
  "gamma": 0.8,
  "stage": "final",
  "best_epoch": 314,
  "val_roc": 0.9367667305004916,
  "val_ap": 0.9417260315953853,
  "test_hit1": 0.0618705035971223,
  "test_hit3": 0.16223021582733813,
  "test_hit10": 0.28776978417266186
}