{
  "dataset": "Cora_ML",
  "ver": "aron_desc",
  "seed": 4,
  "pre_prune_frac": 0.05,
  "pre_prune_scope": "cp_all",
  "gmm_k": 16,
  "gmm_tau": 0.55,
  "alpha": 0.8,
  "gamma": 0.8,
  "stage": "final",
  "best_epoch": 218,
  "val_roc": 0.9628491569523511,
  "val_ap": 0.9680661560513445,
  "test_hit1": 0.06625766871165645,
  "test_hit3": 0.3987730061349693,
  "test_hit10": 0.5693251533742332
}