{
  "dataset": "LastFMAsia",
  "ver": "aron_desc",
  "seed": 3,
  "pre_prune_frac": 0.15,
  "pre_prune_scope": "cp_all",
  "gmm_k": 16,
  "gmm_tau": 0.55,
  "alpha": 0.8,
  "gamma": 0.8,
  "stage": "final",
  "best_epoch": 223,
  "val_roc": 0.9578489726204646,
  "val_ap": 0.9586349142270421,
  "test_hit1": 0.07877697841726619,
  "test_hit3": 0.1974820143884892,
  "test_hit10": 0.40431654676258993
}