{
  "dataset": "LastFMAsia",
  "ver": "aron_desc",
  "seed": 0,
  "pre_prune_frac": 0.45,
  "pre_prune_scope": "cp_all",
  "gmm_k": 16,
  "gmm_tau": 0.55,
  "alpha": 0.8,
  "gamma": 0.8,
  "stage": "final",
  "best_epoch": 314,
  "val_roc": 0.9434615185549403,
  "val_ap": 0.9466396720974368,
  "test_hit1": 0.053237410071942444,
  "test_hit3": 0.20971223021582733,
  "test_hit10": 0.3039568345323741
}