{
  "dataset": "Cora_ML",
  "ver": "aron_desc",
  "seed": 4,
  "pre_prune_frac": 0.0,
  "pre_prune_scope": "cp_all",
  "gmm_k": 16,
  "gmm_tau": 0.55,
  "alpha": 0.8,
  "gamma": 0.8,
  "stage": "final",
  "best_epoch": 87,
  "val_roc": 0.9656019656019657,
  "val_ap": 0.9715421749496401,
  "test_hit1": 0.04785276073619632,
  "test_hit3": 0.2674846625766871,
  "test_hit10": 0.6012269938650306
}