{
  "dataset": "LastFMAsia",
  "ver": "aron_desc",
  "seed": 0,
  "pre_prune_frac": 0.55,
  "pre_prune_scope": "cp_all",
  "gmm_k": 16,
  "gmm_tau": 0.55,
  "alpha": 0.8,
  "gamma": 0.8,
  "stage": "final",
  "best_epoch": 314,
  "val_roc": 0.9374519952383418,
  "val_ap": 0.9420506107290432,
  "test_hit1": 0.06294964028776978,
  "test_hit3": 0.16546762589928057,
  "test_hit10": 0.29028776978417264
}