{
  "dataset": "LastFMAsia",
  "ver": "aron_desc",
  "seed": 0,
  "pre_prune_frac": 0.5,
  "pre_prune_scope": "cp_all",
  "gmm_k": 16,
  "gmm_tau": 0.55,
  "alpha": 0.8,
  "gamma": 0.8,
  "stage": "final",
  "best_epoch": 315,
  "val_roc": 0.9406692200196677,
  "val_ap": 0.9448245698884083,
  "test_hit1": 0.05107913669064748,
  "test_hit3": 0.20323741007194246,
  "test_hit10": 0.29784172661870506
}