{
  "dataset": "citeseer",
  "ver": "aron_desc",
  "seed": 1,
  "pre_prune_frac": 0.55,
  "pre_prune_scope": "cp_all",
  "gmm_k": 16,
  "gmm_tau": 0.55,
  "alpha": 0.8,
  "gamma": 0.8,
  "stage": "final",
  "best_epoch": 142,
  "val_roc": 0.948553241863805,
  "val_ap": 0.9557723099656833,
  "test_hit1": 0.26373626373626374,
  "test_hit3": 0.4043956043956044,
  "test_hit10": 0.567032967032967
}