{
  "dataset": "citeseer",
  "ver": "aron_desc",
  "seed": 4,
  "pre_prune_frac": 0.6,
  "pre_prune_scope": "cp_all",
  "gmm_k": 16,
  "gmm_tau": 0.55,
  "alpha": 0.8,
  "gamma": 0.8,
  "stage": "final",
  "best_epoch": 207,
  "val_roc": 0.9458557317238836,
  "val_ap": 0.9536534200612651,
  "test_hit1": 0.2087912087912088,
  "test_hit3": 0.36923076923076925,
  "test_hit10": 0.567032967032967
}