{
  "dataset": "citeseer",
  "ver": "aron_desc",
  "seed": 1,
  "pre_prune_frac": 0.7,
  "pre_prune_scope": "cp_all",
  "gmm_k": 16,
  "gmm_tau": 0.55,
  "alpha": 0.8,
  "gamma": 0.8,
  "stage": "final",
  "best_epoch": 257,
  "val_roc": 0.9398397019154262,
  "val_ap": 0.9505231543196182,
  "test_hit1": 0.13626373626373625,
  "test_hit3": 0.33406593406593404,
  "test_hit10": 0.4725274725274725
}