{
  "dataset": "citeseer",
  "ver": "aron_desc",
  "seed": 2,
  "pre_prune_frac": 0.05,
  "pre_prune_scope": "cp_all",
  "gmm_k": 16,
  "gmm_tau": 0.55,
  "alpha": 0.8,
  "gamma": 0.8,
  "stage": "final",
  "best_epoch": 348,
  "val_roc": 0.9643501717479478,
  "val_ap": 0.9677051718715753,
  "test_hit1": 0.37142857142857144,
  "test_hit3": 0.6175824175824176,
  "test_hit10": 0.7384615384615385
}