{
  "dataset": "cora",
  "ver": "aron_desc",
  "seed": 1,
  "pre_prune_frac": 0.25,
  "pre_prune_scope": "cp_all",
  "gmm_k": 16,
  "gmm_tau": 0.55,
  "alpha": 0.8,
  "gamma": 0.8,
  "stage": "final",
  "best_epoch": 114,
  "val_roc": 0.9256458818256733,
  "val_ap": 0.935868499388632,
  "test_hit1": 0.015180265654648957,
  "test_hit3": 0.5313092979127134,
  "test_hit10": 0.5977229601518027
}