{
  "dataset": "cora",
  "ver": "aron_desc",
  "seed": 2,
  "pre_prune_frac": 0.0,
  "pre_prune_scope": "cp_all",
  "gmm_k": 16,
  "gmm_tau": 0.55,
  "alpha": 0.8,
  "gamma": 0.8,
  "stage": "final",
  "best_epoch": 114,
  "val_roc": 0.944744032731426,
  "val_ap": 0.9555042032810535,
  "test_hit1": 0.036053130929791274,
  "test_hit3": 0.5749525616698292,
  "test_hit10": 0.715370018975332
}