{
  "dataset": "LastFMAsia",
  "ver": "aron_desc",
  "seed": 4,
  "pre_prune_frac": 0.55,
  "pre_prune_scope": "cp_all",
  "gmm_k": 16,
  "gmm_tau": 0.55,
  "alpha": 0.8,
  "gamma": 0.8,
  "stage": "final",
  "best_epoch": 314,
  "val_roc": 0.9373407173541743,
  "val_ap": 0.9420399209621391,
  "test_hit1": 0.06079136690647482,
  "test_hit3": 0.16330935251798562,
  "test_hit10": 0.2827338129496403
}