{
  "dataset": "citeseer",
  "ver": "aron_desc",
  "seed": 4,
  "pre_prune_frac": 0.75,
  "pre_prune_scope": "cp_all",
  "gmm_k": 16,
  "gmm_tau": 0.55,
  "alpha": 0.8,
  "gamma": 0.8,
  "stage": "final",
  "best_epoch": 24,
  "val_roc": 0.9300588018397407,
  "val_ap": 0.9404155086457624,
  "test_hit1": 0.1912087912087912,
  "test_hit3": 0.32967032967032966,
  "test_hit10": 0.5428571428571428
}