{
  "dataset": "cora",
  "ver": "aron_desc",
  "seed": 4,
  "pre_prune_frac": 0.8,
  "pre_prune_scope": "cp_all",
  "gmm_k": 16,
  "gmm_tau": 0.55,
  "alpha": 0.8,
  "gamma": 0.8,
  "stage": "final",
  "best_epoch": 212,
  "val_roc": 0.8894302360884212,
  "val_ap": 0.9009524576935792,
  "test_hit1": 0.12333965844402277,
  "test_hit3": 0.21631878557874762,
  "test_hit10": 0.428842504743833
}