{
  "dataset": "Cora_ML",
  "ver": "aron_desc",
  "seed": 2,
  "pre_prune_frac": 0.0,
  "pre_prune_scope": "cp_all",
  "gmm_k": 16,
  "gmm_tau": 0.55,
  "alpha": 0.8,
  "gamma": 0.8,
  "stage": "final",
  "best_epoch": 88,
  "val_roc": 0.9658977717945778,
  "val_ap": 0.9714769140912076,
  "test_hit1": 0.049079754601226995,
  "test_hit3": 0.2846625766871166,
  "test_hit10": 0.6380368098159509
}