{
  "dataset": "citeseer",
  "ver": "aron_desc",
  "seed": 3,
  "pre_prune_frac": 0.45,
  "pre_prune_scope": "cp_all",
  "gmm_k": 16,
  "gmm_tau": 0.55,
  "alpha": 0.8,
  "gamma": 0.8,
  "stage": "final",
  "best_epoch": 364,
  "val_roc": 0.9541617341691087,
  "val_ap": 0.9577519910529405,
  "test_hit1": 0.16043956043956045,
  "test_hit3": 0.41318681318681316,
  "test_hit10": 0.6681318681318681
}