{
  "dataset": "Cora_ML",
  "ver": "aron_desc",
  "seed": 4,
  "pre_prune_frac": 0.8,
  "pre_prune_scope": "cp_all",
  "gmm_k": 16,
  "gmm_tau": 0.55,
  "alpha": 0.8,
  "gamma": 0.8,
  "stage": "final",
  "best_epoch": 8,
  "val_roc": 0.9306002450965596,
  "val_ap": 0.9352242039020667,
  "test_hit1": 0.04294478527607362,
  "test_hit3": 0.15337423312883436,
  "test_hit10": 0.32883435582822085
}