{
  "dataset": "Cora_ML",
  "ver": "aron_desc",
  "seed": 2,
  "pre_prune_frac": 0.2,
  "pre_prune_scope": "cp_all",
  "gmm_k": 16,
  "gmm_tau": 0.55,
  "alpha": 0.8,
  "gamma": 0.8,
  "stage": "final",
  "best_epoch": 84,
  "val_roc": 0.9551702696665841,
  "val_ap": 0.9605891314695894,
  "test_hit1": 0.046625766871165646,
  "test_hit3": 0.18036809815950922,
  "test_hit10": 0.501840490797546
}