{
  "dataset": "citeseer",
  "ver": "aron_desc",
  "seed": 1,
  "pre_prune_frac": 0.0,
  "pre_prune_scope": "cp_all",
  "gmm_k": 16,
  "gmm_tau": 0.55,
  "alpha": 0.8,
  "gamma": 0.8,
  "stage": "final",
  "best_epoch": 190,
  "val_roc": 0.9648935550854859,
  "val_ap": 0.9706801396310109,
  "test_hit1": 0.545054945054945,
  "test_hit3": 0.676923076923077,
  "test_hit10": 0.7362637362637363
}