{
  "dataset": "citeseer",
  "ver": "aron_desc",
  "seed": 2,
  "pre_prune_frac": 0.0,
  "pre_prune_scope": "cp_all",
  "gmm_k": 16,
  "gmm_tau": 0.55,
  "alpha": 0.8,
  "gamma": 0.8,
  "stage": "final",
  "best_epoch": 257,
  "val_roc": 0.963651536028256,
  "val_ap": 0.970101578718439,
  "test_hit1": 0.44395604395604393,
  "test_hit3": 0.6659340659340659,
  "test_hit10": 0.7692307692307693
}