{
  "dataset": "cora",
  "ver": "aron_desc",
  "seed": 3,
  "pre_prune_frac": 0.9,
  "pre_prune_scope": "cp_all",
  "gmm_k": 16,
  "gmm_tau": 0.55,
  "alpha": 0.8,
  "gamma": 0.8,
  "stage": "final",
  "best_epoch": 30,
  "val_roc": 0.883040090213824,
  "val_ap": 0.8887685211377454,
  "test_hit1": 0.15749525616698293,
  "test_hit3": 0.1859582542694497,
  "test_hit10": 0.3415559772296015
}