{
  "dataset": "LastFMAsia",
  "ver": "aron_desc",
  "seed": 2,
  "pre_prune_frac": 0.85,
  "pre_prune_scope": "cp_minus_c0p",
  "gmm_k": 16,
  "gmm_tau": 0.55,
  "alpha": 0.8,
  "gamma": 0.8,
  "stage": "final",
  "best_epoch": 223,
  "val_roc": 0.9650670255162777,
  "val_ap": 0.9632667601239392,
  "test_hit1": 0.04388489208633094,
  "test_hit3": 0.220863309352518,
  "test_hit10": 0.3960431654676259
}