{
  "dataset": "LastFMAsia",
  "ver": "aron_desc",
  "seed": 1,
  "pre_prune_frac": 0.8,
  "pre_prune_scope": "cp_all",
  "gmm_k": 16,
  "gmm_tau": 0.55,
  "alpha": 0.8,
  "gamma": 0.8,
  "stage": "final",
  "best_epoch": 414,
  "val_roc": 0.9186139433776721,
  "val_ap": 0.9244635351635575,
  "test_hit1": 0.07949640287769784,
  "test_hit3": 0.09928057553956834,
  "test_hit10": 0.2643884892086331
}