{
  "dataset": "citeseer",
  "ver": "aron_desc",
  "seed": 3,
  "pre_prune_frac": 0.8,
  "pre_prune_scope": "cp_all",
  "gmm_k": 16,
  "gmm_tau": 0.55,
  "alpha": 0.8,
  "gamma": 0.8,
  "stage": "final",
  "best_epoch": 333,
  "val_roc": 0.9284286518271265,
  "val_ap": 0.9375053118879836,
  "test_hit1": 0.0967032967032967,
  "test_hit3": 0.2703296703296703,
  "test_hit10": 0.46593406593406594
}