{
  "dataset": "Cora_ML",
  "ver": "aron_desc",
  "seed": 3,
  "pre_prune_frac": 0.6,
  "pre_prune_scope": "cp_all",
  "gmm_k": 16,
  "gmm_tau": 0.55,
  "alpha": 0.8,
  "gamma": 0.8,
  "stage": "final",
  "best_epoch": 8,
  "val_roc": 0.9382610217991053,
  "val_ap": 0.9434039950134706,
  "test_hit1": 0.08711656441717791,
  "test_hit3": 0.19754601226993865,
  "test_hit10": 0.3987730061349693
}