{
  "dataset": "cora",
  "ver": "aron_desc",
  "seed": 1,
  "pre_prune_frac": 0.3,
  "pre_prune_scope": "cp_all",
  "gmm_k": 16,
  "gmm_tau": 0.55,
  "alpha": 0.8,
  "gamma": 0.8,
  "stage": "final",
  "best_epoch": 116,
  "val_roc": 0.9241856901212971,
  "val_ap": 0.9331061761139965,
  "test_hit1": 0.030360531309297913,
  "test_hit3": 0.5066413662239089,
  "test_hit10": 0.6166982922201139
}