{
  "dataset": "citeseer",
  "ver": "aron_desc",
  "seed": 2,
  "pre_prune_frac": 0.25,
  "pre_prune_scope": "cp_all",
  "gmm_k": 16,
  "gmm_tau": 0.55,
  "alpha": 0.8,
  "gamma": 0.8,
  "stage": "final",
  "best_epoch": 258,
  "val_roc": 0.9594985348056435,
  "val_ap": 0.9648248979516386,
  "test_hit1": 0.2813186813186813,
  "test_hit3": 0.45494505494505494,
  "test_hit10": 0.6879120879120879
}