{
  "dataset": "citeseer",
  "ver": "aron_desc",
  "seed": 3,
  "pre_prune_frac": 0.15,
  "pre_prune_scope": "cp_all",
  "gmm_k": 16,
  "gmm_tau": 0.55,
  "alpha": 0.8,
  "gamma": 0.8,
  "stage": "final",
  "best_epoch": 305,
  "val_roc": 0.9607017407673348,
  "val_ap": 0.9665070791073003,
  "test_hit1": 0.4021978021978022,
  "test_hit3": 0.5538461538461539,
  "test_hit10": 0.6725274725274726
}