{
  "dataset": "citeseer",
  "ver": "aron_desc",
  "seed": 2,
  "pre_prune_frac": 0.6,
  "pre_prune_scope": "cp_all",
  "gmm_k": 16,
  "gmm_tau": 0.55,
  "alpha": 0.8,
  "gamma": 0.8,
  "stage": "final",
  "best_epoch": 132,
  "val_roc": 0.9442255817112694,
  "val_ap": 0.952128467288048,
  "test_hit1": 0.2175824175824176,
  "test_hit3": 0.3934065934065934,
  "test_hit10": 0.5604395604395604
}