{
  "dataset": "LastFMAsia",
  "ver": "aron_desc",
  "seed": 1,
  "pre_prune_frac": 0.15,
  "pre_prune_scope": "cp_all",
  "gmm_k": 16,
  "gmm_tau": 0.55,
  "alpha": 0.8,
  "gamma": 0.8,
  "stage": "final",
  "best_epoch": 223,
  "val_roc": 0.9578681227679726,
  "val_ap": 0.9586173715419892,
  "test_hit1": 0.07841726618705036,
  "test_hit3": 0.19820143884892086,
  "test_hit10": 0.4050359712230216
}