{
  "dataset": "LastFMAsia",
  "ver": "aron_desc",
  "seed": 0,
  "pre_prune_frac": 0.9,
  "pre_prune_scope": "cp_minus_c0p",
  "gmm_k": 16,
  "gmm_tau": 0.55,
  "alpha": 0.8,
  "gamma": 0.8,
  "stage": "final",
  "best_epoch": 411,
  "val_roc": 0.9649409968428135,
  "val_ap": 0.9626191784454204,
  "test_hit1": 0.08597122302158273,
  "test_hit3": 0.15971223021582734,
  "test_hit10": 0.33776978417266185
}