{
  "dataset": "LastFMAsia",
  "ver": "aron_desc",
  "seed": 3,
  "pre_prune_frac": 0.95,
  "pre_prune_scope": "cp_minus_c0p",
  "gmm_k": 16,
  "gmm_tau": 0.55,
  "alpha": 0.8,
  "gamma": 0.8,
  "stage": "final",
  "best_epoch": 493,
  "val_roc": 0.9646571088452979,
  "val_ap": 0.9619733168101983,
  "test_hit1": 0.05503597122302158,
  "test_hit3": 0.13597122302158274,
  "test_hit10": 0.32841726618705036
}