{
  "dataset": "citeseer",
  "ver": "aron_desc",
  "seed": 3,
  "pre_prune_frac": 0.0,
  "pre_prune_scope": "cp_all",
  "gmm_k": 16,
  "gmm_tau": 0.55,
  "alpha": 0.8,
  "gamma": 0.8,
  "stage": "final",
  "best_epoch": 257,
  "val_roc": 0.9634380640027944,
  "val_ap": 0.9700108502975862,
  "test_hit1": 0.43956043956043955,
  "test_hit3": 0.6703296703296703,
  "test_hit10": 0.7692307692307693
}