{
  "dataset": "cora",
  "ver": "aron_desc",
  "seed": 4,
  "pre_prune_frac": 0.1,
  "pre_prune_scope": "cp_all",
  "gmm_k": 16,
  "gmm_tau": 0.55,
  "alpha": 0.8,
  "gamma": 0.8,
  "stage": "final",
  "best_epoch": 116,
  "val_roc": 0.9314866486431783,
  "val_ap": 0.9444813391323126,
  "test_hit1": 0.058823529411764705,
  "test_hit3": 0.49146110056925996,
  "test_hit10": 0.6774193548387096
}