{
  "dataset": "Cora_ML",
  "ver": "aron_desc",
  "seed": 4,
  "pre_prune_frac": 0.3,
  "pre_prune_scope": "cp_all",
  "gmm_k": 16,
  "gmm_tau": 0.55,
  "alpha": 0.8,
  "gamma": 0.8,
  "stage": "final",
  "best_epoch": 21,
  "val_roc": 0.9489402290385092,
  "val_ap": 0.9547557317926104,
  "test_hit1": 0.05030674846625767,
  "test_hit3": 0.21717791411042944,
  "test_hit10": 0.46503067484662575
}