{
  "dataset": "citeseer",
  "ver": "aron_desc",
  "seed": 0,
  "pre_prune_frac": 0.65,
  "pre_prune_scope": "cp_all",
  "gmm_k": 16,
  "gmm_tau": 0.55,
  "alpha": 0.8,
  "gamma": 0.8,
  "stage": "final",
  "best_epoch": 146,
  "val_roc": 0.9454481942207301,
  "val_ap": 0.9539858105288541,
  "test_hit1": 0.20659340659340658,
  "test_hit3": 0.44395604395604393,
  "test_hit10": 0.5318681318681319
}