{
  "dataset": "LastFMAsia",
  "ver": "aron_desc",
  "seed": 4,
  "pre_prune_frac": 0.7,
  "pre_prune_scope": "cp_all",
  "gmm_k": 16,
  "gmm_tau": 0.55,
  "alpha": 0.8,
  "gamma": 0.8,
  "stage": "final",
  "best_epoch": 432,
  "val_roc": 0.928553905077377,
  "val_ap": 0.9330055166939655,
  "test_hit1": 0.11151079136690648,
  "test_hit3": 0.1420863309352518,
  "test_hit10": 0.24928057553956834
}