{
  "dataset": "citeseer",
  "ver": "aron_desc",
  "seed": 0,
  "pre_prune_frac": 0.7,
  "pre_prune_scope": "cp_all",
  "gmm_k": 16,
  "gmm_tau": 0.55,
  "alpha": 0.8,
  "gamma": 0.8,
  "stage": "final",
  "best_epoch": 183,
  "val_roc": 0.9399367346542724,
  "val_ap": 0.9497830991943471,
  "test_hit1": 0.189010989010989,
  "test_hit3": 0.4153846153846154,
  "test_hit10": 0.4967032967032967
}