{
  "dataset": "citeseer",
  "ver": "aron_desc",
  "seed": 2,
  "pre_prune_frac": 0.8,
  "pre_prune_scope": "cp_all",
  "gmm_k": 16,
  "gmm_tau": 0.55,
  "alpha": 0.8,
  "gamma": 0.8,
  "stage": "final",
  "best_epoch": 313,
  "val_roc": 0.9286809369481264,
  "val_ap": 0.9405609655189288,
  "test_hit1": 0.10989010989010989,
  "test_hit3": 0.27472527472527475,
  "test_hit10": 0.47912087912087914
}