{
  "dataset": "citeseer",
  "ver": "aron_desc",
  "seed": 2,
  "pre_prune_frac": 0.45,
  "pre_prune_scope": "cp_all",
  "gmm_k": 16,
  "gmm_tau": 0.55,
  "alpha": 0.8,
  "gamma": 0.8,
  "stage": "final",
  "best_epoch": 364,
  "val_roc": 0.9532496264239554,
  "val_ap": 0.9575476236178604,
  "test_hit1": 0.16263736263736264,
  "test_hit3": 0.41098901098901097,
  "test_hit10": 0.6241758241758242
}