{
  "dataset": "citeseer",
  "ver": "aron_desc",
  "seed": 4,
  "pre_prune_frac": 0.2,
  "pre_prune_scope": "cp_all",
  "gmm_k": 16,
  "gmm_tau": 0.55,
  "alpha": 0.8,
  "gamma": 0.8,
  "stage": "final",
  "best_epoch": 213,
  "val_roc": 0.9588193056337209,
  "val_ap": 0.9657949009443108,
  "test_hit1": 0.34505494505494505,
  "test_hit3": 0.5142857142857142,
  "test_hit10": 0.7054945054945055
}