{
  "dataset": "citeseer",
  "ver": "aron_desc",
  "seed": 2,
  "pre_prune_frac": 0.5,
  "pre_prune_scope": "cp_all",
  "gmm_k": 16,
  "gmm_tau": 0.55,
  "alpha": 0.8,
  "gamma": 0.8,
  "stage": "final",
  "best_epoch": 153,
  "val_roc": 0.949542975800035,
  "val_ap": 0.9562783403992146,
  "test_hit1": 0.22197802197802197,
  "test_hit3": 0.4351648351648352,
  "test_hit10": 0.5868131868131868
}