{
  "dataset": "LastFMAsia",
  "ver": "aron_desc",
  "seed": 2,
  "pre_prune_frac": 0.45,
  "pre_prune_scope": "cp_all",
  "gmm_k": 16,
  "gmm_tau": 0.55,
  "alpha": 0.8,
  "gamma": 0.8,
  "stage": "final",
  "best_epoch": 314,
  "val_roc": 0.9432617359349932,
  "val_ap": 0.9464756531082577,
  "test_hit1": 0.053597122302158275,
  "test_hit3": 0.21115107913669065,
  "test_hit10": 0.3043165467625899
}