{
  "dataset": "Cora_ML",
  "ver": "aron_desc",
  "seed": 3,
  "pre_prune_frac": 0.3,
  "pre_prune_scope": "cp_all",
  "gmm_k": 16,
  "gmm_tau": 0.55,
  "alpha": 0.8,
  "gamma": 0.8,
  "stage": "final",
  "best_epoch": 23,
  "val_roc": 0.9475940090190704,
  "val_ap": 0.9538062993005816,
  "test_hit1": 0.05766871165644172,
  "test_hit3": 0.2331288343558282,
  "test_hit10": 0.4723926380368098
}