{
  "dataset": "LastFMAsia",
  "ver": "aron_desc",
  "seed": 2,
  "pre_prune_frac": 0.5,
  "pre_prune_scope": "cp_all",
  "gmm_k": 16,
  "gmm_tau": 0.55,
  "alpha": 0.8,
  "gamma": 0.8,
  "stage": "final",
  "best_epoch": 315,
  "val_roc": 0.9408581336369753,
  "val_ap": 0.9450210504275174,
  "test_hit1": 0.05287769784172662,
  "test_hit3": 0.19676258992805756,
  "test_hit10": 0.2935251798561151
}