{
  "dataset": "Cora_ML",
  "ver": "aron_desc",
  "seed": 1,
  "pre_prune_frac": 0.65,
  "pre_prune_scope": "cp_all",
  "gmm_k": 16,
  "gmm_tau": 0.55,
  "alpha": 0.8,
  "gamma": 0.8,
  "stage": "final",
  "best_epoch": 8,
  "val_roc": 0.9359428671467984,
  "val_ap": 0.9409690189524559,
  "test_hit1": 0.0687116564417178,
  "test_hit3": 0.2,
  "test_hit10": 0.41226993865030676
}