{
  "dataset": "LastFMAsia",
  "ver": "aron_desc",
  "seed": 2,
  "pre_prune_frac": 0.55,
  "pre_prune_scope": "cp_all",
  "gmm_k": 16,
  "gmm_tau": 0.55,
  "alpha": 0.8,
  "gamma": 0.8,
  "stage": "final",
  "best_epoch": 314,
  "val_roc": 0.9368014077946276,
  "val_ap": 0.9417055582286465,
  "test_hit1": 0.06258992805755395,
  "test_hit3": 0.16402877697841728,
  "test_hit10": 0.2931654676258993
}