{
  "dataset": "LastFMAsia",
  "ver": "aron_desc",
  "seed": 4,
  "pre_prune_frac": 0.0,
  "pre_prune_scope": "cp_all",
  "gmm_k": 16,
  "gmm_tau": 0.55,
  "alpha": 0.8,
  "gamma": 0.8,
  "stage": "final",
  "best_epoch": 314,
  "val_roc": 0.9662589928057552,
  "val_ap": 0.9639744413148855,
  "test_hit1": 0.05935251798561151,
  "test_hit3": 0.17086330935251798,
  "test_hit10": 0.3363309352517986
}