{
  "dataset": "cora",
  "ver": "aron_desc",
  "seed": 3,
  "pre_prune_frac": 0.25,
  "pre_prune_scope": "cp_all",
  "gmm_k": 16,
  "gmm_tau": 0.55,
  "alpha": 0.8,
  "gamma": 0.8,
  "stage": "final",
  "best_epoch": 113,
  "val_roc": 0.9240266593416125,
  "val_ap": 0.9349425259555069,
  "test_hit1": 0.007590132827324478,
  "test_hit3": 0.48007590132827327,
  "test_hit10": 0.6072106261859582
}