{
  "dataset": "LastFMAsia",
  "ver": "aron_desc",
  "seed": 3,
  "pre_prune_frac": 0.85,
  "pre_prune_scope": "cp_minus_c0p",
  "gmm_k": 16,
  "gmm_tau": 0.55,
  "alpha": 0.8,
  "gamma": 0.8,
  "stage": "final",
  "best_epoch": 313,
  "val_roc": 0.965340820868485,
  "val_ap": 0.9635570081961395,
  "test_hit1": 0.0579136690647482,
  "test_hit3": 0.18129496402877698,
  "test_hit10": 0.32446043165467625
}