{
  "dataset": "cora",
  "ver": "aron_desc",
  "seed": 2,
  "pre_prune_frac": 0.35,
  "pre_prune_scope": "cp_all",
  "gmm_k": 16,
  "gmm_tau": 0.55,
  "alpha": 0.8,
  "gamma": 0.8,
  "stage": "final",
  "best_epoch": 116,
  "val_roc": 0.9195593401668378,
  "val_ap": 0.9304577027239115,
  "test_hit1": 0.022770398481973434,
  "test_hit3": 0.428842504743833,
  "test_hit10": 0.603415559772296
}