{
  "dataset": "Cora_ML",
  "ver": "aron_desc",
  "seed": 0,
  "pre_prune_frac": 0.8,
  "pre_prune_scope": "cp_all",
  "gmm_k": 16,
  "gmm_tau": 0.55,
  "alpha": 0.8,
  "gamma": 0.8,
  "stage": "final",
  "best_epoch": 8,
  "val_roc": 0.9302863283207263,
  "val_ap": 0.9346543477105612,
  "test_hit1": 0.044171779141104296,
  "test_hit3": 0.15828220858895706,
  "test_hit10": 0.32515337423312884
}