{
  "dataset": "LastFMAsia",
  "ver": "aron_desc",
  "seed": 0,
  "pre_prune_frac": 0.15,
  "pre_prune_scope": "cp_all",
  "gmm_k": 16,
  "gmm_tau": 0.55,
  "alpha": 0.8,
  "gamma": 0.8,
  "stage": "final",
  "best_epoch": 223,
  "val_roc": 0.9578355157600539,
  "val_ap": 0.9586119874876259,
  "test_hit1": 0.07805755395683453,
  "test_hit3": 0.1971223021582734,
  "test_hit10": 0.4053956834532374
}