{
  "dataset": "citeseer",
  "ver": "aron_desc",
  "seed": 4,
  "pre_prune_frac": 0.55,
  "pre_prune_scope": "cp_all",
  "gmm_k": 16,
  "gmm_tau": 0.55,
  "alpha": 0.8,
  "gamma": 0.8,
  "stage": "final",
  "best_epoch": 141,
  "val_roc": 0.9485726484115742,
  "val_ap": 0.9559608539571638,
  "test_hit1": 0.2945054945054945,
  "test_hit3": 0.38461538461538464,
  "test_hit10": 0.5560439560439561
}