{
  "dataset": "citeseer",
  "ver": "aron_desc",
  "seed": 3,
  "pre_prune_frac": 0.3,
  "pre_prune_scope": "cp_all",
  "gmm_k": 16,
  "gmm_tau": 0.55,
  "alpha": 0.8,
  "gamma": 0.8,
  "stage": "final",
  "best_epoch": 303,
  "val_roc": 0.9596149740922586,
  "val_ap": 0.9643365395016334,
  "test_hit1": 0.2989010989010989,
  "test_hit3": 0.44395604395604393,
  "test_hit10": 0.6461538461538462
}