{
  "dataset": "LastFMAsia",
  "ver": "aron_desc",
  "seed": 1,
  "pre_prune_frac": 0.35,
  "pre_prune_scope": "cp_all",
  "gmm_k": 16,
  "gmm_tau": 0.55,
  "alpha": 0.8,
  "gamma": 0.8,
  "stage": "final",
  "best_epoch": 315,
  "val_roc": 0.9488991253040733,
  "val_ap": 0.9513325457626691,
  "test_hit1": 0.10215827338129496,
  "test_hit3": 0.2276978417266187,
  "test_hit10": 0.3143884892086331
}