{
  "dataset": "Cora_ML",
  "ver": "aron_desc",
  "seed": 1,
  "pre_prune_frac": 0.95,
  "pre_prune_scope": "cp_all",
  "gmm_k": 16,
  "gmm_tau": 0.55,
  "alpha": 0.8,
  "gamma": 0.8,
  "stage": "final",
  "best_epoch": 1,
  "val_roc": 0.9277206623643971,
  "val_ap": 0.9314024094619596,
  "test_hit1": 0.04049079754601227,
  "test_hit3": 0.1165644171779141,
  "test_hit10": 0.3411042944785276
}