{
  "dataset": "citeseer",
  "ver": "aron_desc",
  "seed": 3,
  "pre_prune_frac": 0.9,
  "pre_prune_scope": "cp_all",
  "gmm_k": 16,
  "gmm_tau": 0.55,
  "alpha": 0.8,
  "gamma": 0.8,
  "stage": "final",
  "best_epoch": 1,
  "val_roc": 0.9196180791399019,
  "val_ap": 0.9321537842368354,
  "test_hit1": 0.1934065934065934,
  "test_hit3": 0.3912087912087912,
  "test_hit10": 0.5494505494505495
}