{
  "dataset": "Cora_ML",
  "ver": "aron_desc",
  "seed": 1,
  "pre_prune_frac": 0.75,
  "pre_prune_scope": "cp_all",
  "gmm_k": 16,
  "gmm_tau": 0.55,
  "alpha": 0.8,
  "gamma": 0.8,
  "stage": "final",
  "best_epoch": 1,
  "val_roc": 0.931994760004588,
  "val_ap": 0.9355126806909815,
  "test_hit1": 0.04785276073619632,
  "test_hit3": 0.18650306748466258,
  "test_hit10": 0.3337423312883436
}