{
  "dataset": "citeseer",
  "ver": "aron_desc",
  "seed": 4,
  "pre_prune_frac": 0.15,
  "pre_prune_scope": "cp_all",
  "gmm_k": 16,
  "gmm_tau": 0.55,
  "alpha": 0.8,
  "gamma": 0.8,
  "stage": "final",
  "best_epoch": 218,
  "val_roc": 0.9605270818374119,
  "val_ap": 0.9663249072385871,
  "test_hit1": 0.3142857142857143,
  "test_hit3": 0.5252747252747253,
  "test_hit10": 0.7208791208791209
}