{
  "dataset": "Cora_ML",
  "ver": "aron_desc",
  "seed": 3,
  "pre_prune_frac": 0.25,
  "pre_prune_scope": "cp_all",
  "gmm_k": 16,
  "gmm_tau": 0.55,
  "alpha": 0.8,
  "gamma": 0.8,
  "stage": "final",
  "best_epoch": 86,
  "val_roc": 0.9502623016136529,
  "val_ap": 0.9578204062309681,
  "test_hit1": 0.04785276073619632,
  "test_hit3": 0.1521472392638037,
  "test_hit10": 0.5325153374233129
}