{
  "dataset": "citeseer",
  "ver": "aron_desc",
  "seed": 2,
  "pre_prune_frac": 0.95,
  "pre_prune_scope": "cp_all",
  "gmm_k": 16,
  "gmm_tau": 0.55,
  "alpha": 0.8,
  "gamma": 0.8,
  "stage": "final",
  "best_epoch": 15,
  "val_roc": 0.9193075743755943,
  "val_ap": 0.9294586638080132,
  "test_hit1": 0.09230769230769231,
  "test_hit3": 0.3208791208791209,
  "test_hit10": 0.46593406593406594
}