{
  "dataset": "LastFMAsia",
  "ver": "aron_desc",
  "seed": 1,
  "pre_prune_frac": 0.1,
  "pre_prune_scope": "cp_all",
  "gmm_k": 16,
  "gmm_tau": 0.55,
  "alpha": 0.8,
  "gamma": 0.8,
  "stage": "final",
  "best_epoch": 315,
  "val_roc": 0.9603431499404793,
  "val_ap": 0.9601676243457878,
  "test_hit1": 0.07733812949640288,
  "test_hit3": 0.17266187050359713,
  "test_hit10": 0.36366906474820143
}