{
  "dataset": "citeseer",
  "ver": "aron_desc",
  "seed": 2,
  "pre_prune_frac": 0.15,
  "pre_prune_scope": "cp_all",
  "gmm_k": 16,
  "gmm_tau": 0.55,
  "alpha": 0.8,
  "gamma": 0.8,
  "stage": "final",
  "best_epoch": 307,
  "val_roc": 0.9609734324361039,
  "val_ap": 0.9665731255134512,
  "test_hit1": 0.4175824175824176,
  "test_hit3": 0.5692307692307692,
  "test_hit10": 0.676923076923077
}