{
  "dataset": "citeseer",
  "ver": "aron_desc",
  "seed": 4,
  "pre_prune_frac": 0.35,
  "pre_prune_scope": "cp_all",
  "gmm_k": 16,
  "gmm_tau": 0.55,
  "alpha": 0.8,
  "gamma": 0.8,
  "stage": "final",
  "best_epoch": 155,
  "val_roc": 0.9540258883347241,
  "val_ap": 0.961827482607272,
  "test_hit1": 0.2923076923076923,
  "test_hit3": 0.5274725274725275,
  "test_hit10": 0.610989010989011
}