{
  "dataset": "Cora_ML",
  "ver": "aron_desc",
  "seed": 0,
  "pre_prune_frac": 0.55,
  "pre_prune_scope": "cp_all",
  "gmm_k": 16,
  "gmm_tau": 0.55,
  "alpha": 0.8,
  "gamma": 0.8,
  "stage": "final",
  "best_epoch": 9,
  "val_roc": 0.9390941086272782,
  "val_ap": 0.9435826092299763,
  "test_hit1": 0.06503067484662577,
  "test_hit3": 0.2233128834355828,
  "test_hit10": 0.36687116564417177
}