{
  "dataset": "LastFMAsia",
  "ver": "aron_desc",
  "seed": 3,
  "pre_prune_frac": 0.2,
  "pre_prune_scope": "cp_all",
  "gmm_k": 16,
  "gmm_tau": 0.55,
  "alpha": 0.8,
  "gamma": 0.8,
  "stage": "final",
  "best_epoch": 223,
  "val_roc": 0.9558744371409348,
  "val_ap": 0.9569259645649462,
  "test_hit1": 0.09244604316546763,
  "test_hit3": 0.21546762589928056,
  "test_hit10": 0.35251798561151076
}