{
  "dataset": "cora",
  "ver": "aron_desc",
  "seed": 4,
  "pre_prune_frac": 0.0,
  "pre_prune_scope": "cp_all",
  "gmm_k": 16,
  "gmm_tau": 0.55,
  "alpha": 0.8,
  "gamma": 0.8,
  "stage": "final",
  "best_epoch": 114,
  "val_roc": 0.9428501207188191,
  "val_ap": 0.9547472240912179,
  "test_hit1": 0.03415559772296015,
  "test_hit3": 0.5787476280834914,
  "test_hit10": 0.7096774193548387
}