{
  "dataset": "Cora_ML",
  "ver": "aron_desc",
  "seed": 1,
  "pre_prune_frac": 0.0,
  "pre_prune_scope": "cp_all",
  "gmm_k": 16,
  "gmm_tau": 0.55,
  "alpha": 0.8,
  "gamma": 0.8,
  "stage": "final",
  "best_epoch": 170,
  "val_roc": 0.9659219192388725,
  "val_ap": 0.9710017989379542,
  "test_hit1": 0.03803680981595092,
  "test_hit3": 0.4012269938650307,
  "test_hit10": 0.6429447852760736
}