{
  "dataset": "citeseer",
  "ver": "aron_desc",
  "seed": 4,
  "pre_prune_frac": 0.0,
  "pre_prune_scope": "cp_all",
  "gmm_k": 16,
  "gmm_tau": 0.55,
  "alpha": 0.8,
  "gamma": 0.8,
  "stage": "final",
  "best_epoch": 257,
  "val_roc": 0.9651846533020241,
  "val_ap": 0.9713878976686335,
  "test_hit1": 0.4197802197802198,
  "test_hit3": 0.6747252747252748,
  "test_hit10": 0.7648351648351648
}