{
  "dataset": "cora",
  "ver": "aron_desc",
  "seed": 0,
  "pre_prune_frac": 0.15,
  "pre_prune_scope": "cp_all",
  "gmm_k": 16,
  "gmm_tau": 0.55,
  "alpha": 0.8,
  "gamma": 0.8,
  "stage": "final",
  "best_epoch": 115,
  "val_roc": 0.9232025907559746,
  "val_ap": 0.9382451271493504,
  "test_hit1": 0.04174573055028463,
  "test_hit3": 0.5559772296015181,
  "test_hit10": 0.650853889943074
}