{
  "dataset": "citeseer",
  "ver": "aron_desc",
  "seed": 1,
  "pre_prune_frac": 0.05,
  "pre_prune_scope": "cp_all",
  "gmm_k": 16,
  "gmm_tau": 0.55,
  "alpha": 0.8,
  "gamma": 0.8,
  "stage": "final",
  "best_epoch": 348,
  "val_roc": 0.9646606765122553,
  "val_ap": 0.9680601429852999,
  "test_hit1": 0.3912087912087912,
  "test_hit3": 0.6021978021978022,
  "test_hit10": 0.7274725274725274
}