{
  "dataset": "citeseer",
  "ver": "aron_desc",
  "seed": 0,
  "pre_prune_frac": 0.15,
  "pre_prune_scope": "cp_all",
  "gmm_k": 16,
  "gmm_tau": 0.55,
  "alpha": 0.8,
  "gamma": 0.8,
  "stage": "final",
  "best_epoch": 333,
  "val_roc": 0.9603330163597197,
  "val_ap": 0.9655072227193024,
  "test_hit1": 0.38461538461538464,
  "test_hit3": 0.5252747252747253,
  "test_hit10": 0.7362637362637363
}