{
  "dataset": "citeseer",
  "ver": "aron_desc",
  "seed": 3,
  "pre_prune_frac": 0.6,
  "pre_prune_scope": "cp_all",
  "gmm_k": 16,
  "gmm_tau": 0.55,
  "alpha": 0.8,
  "gamma": 0.8,
  "stage": "final",
  "best_epoch": 208,
  "val_roc": 0.9451959090997302,
  "val_ap": 0.9534991198227757,
  "test_hit1": 0.21318681318681318,
  "test_hit3": 0.378021978021978,
  "test_hit10": 0.567032967032967
}