{
  "dataset": "cora",
  "ver": "aron_desc",
  "seed": 0,
  "pre_prune_frac": 0.65,
  "pre_prune_scope": "cp_all",
  "gmm_k": 16,
  "gmm_tau": 0.55,
  "alpha": 0.8,
  "gamma": 0.8,
  "stage": "final",
  "best_epoch": 170,
  "val_roc": 0.9013575445647618,
  "val_ap": 0.9108257209083359,
  "test_hit1": 0.04933586337760911,
  "test_hit3": 0.3206831119544592,
  "test_hit10": 0.5123339658444023
}