{
  "dataset": "cora",
  "ver": "aron_desc",
  "seed": 3,
  "pre_prune_frac": 0.2,
  "pre_prune_scope": "cp_all",
  "gmm_k": 16,
  "gmm_tau": 0.55,
  "alpha": 0.8,
  "gamma": 0.8,
  "stage": "final",
  "best_epoch": 112,
  "val_roc": 0.9280168861773337,
  "val_ap": 0.940352270815946,
  "test_hit1": 0.009487666034155597,
  "test_hit3": 0.5028462998102466,
  "test_hit10": 0.603415559772296
}