{
  "dataset": "citeseer",
  "ver": "aron_desc",
  "seed": 4,
  "pre_prune_frac": 0.5,
  "pre_prune_scope": "cp_all",
  "gmm_k": 16,
  "gmm_tau": 0.55,
  "alpha": 0.8,
  "gamma": 0.8,
  "stage": "final",
  "best_epoch": 132,
  "val_roc": 0.9477963865008054,
  "val_ap": 0.9544926651726556,
  "test_hit1": 0.25934065934065936,
  "test_hit3": 0.4153846153846154,
  "test_hit10": 0.567032967032967
}