{
  "dataset": "LastFMAsia",
  "ver": "aron_desc",
  "seed": 1,
  "pre_prune_frac": 0.5,
  "pre_prune_scope": "cp_all",
  "gmm_k": 16,
  "gmm_tau": 0.55,
  "alpha": 0.8,
  "gamma": 0.8,
  "stage": "final",
  "best_epoch": 315,
  "val_roc": 0.9408726256404948,
  "val_ap": 0.9450222020555084,
  "test_hit1": 0.05287769784172662,
  "test_hit3": 0.19640287769784173,
  "test_hit10": 0.2949640287769784
}