{
  "dataset": "LastFMAsia",
  "ver": "aron_desc",
  "seed": 3,
  "pre_prune_frac": 0.7,
  "pre_prune_scope": "cp_all",
  "gmm_k": 16,
  "gmm_tau": 0.55,
  "alpha": 0.8,
  "gamma": 0.8,
  "stage": "final",
  "best_epoch": 432,
  "val_roc": 0.9285031830650589,
  "val_ap": 0.9331322712413888,
  "test_hit1": 0.11151079136690648,
  "test_hit3": 0.14388489208633093,
  "test_hit10": 0.2503597122302158
}