{
  "dataset": "Cora_ML",
  "ver": "aron_desc",
  "seed": 1,
  "pre_prune_frac": 0.5,
  "pre_prune_scope": "cp_all",
  "gmm_k": 16,
  "gmm_tau": 0.55,
  "alpha": 0.8,
  "gamma": 0.8,
  "stage": "final",
  "best_epoch": 7,
  "val_roc": 0.9408085771722134,
  "val_ap": 0.9457129229259188,
  "test_hit1": 0.08098159509202454,
  "test_hit3": 0.2085889570552147,
  "test_hit10": 0.3815950920245399
}