{
  "dataset": "citeseer",
  "ver": "aron_desc",
  "seed": 2,
  "pre_prune_frac": 0.4,
  "pre_prune_scope": "cp_all",
  "gmm_k": 16,
  "gmm_tau": 0.55,
  "alpha": 0.8,
  "gamma": 0.8,
  "stage": "final",
  "best_epoch": 259,
  "val_roc": 0.9543363930990316,
  "val_ap": 0.9595441620950922,
  "test_hit1": 0.27912087912087913,
  "test_hit3": 0.4307692307692308,
  "test_hit10": 0.6175824175824176
}