{
  "dataset": "cora",
  "ver": "aron_desc",
  "seed": 4,
  "pre_prune_frac": 0.35,
  "pre_prune_scope": "cp_all",
  "gmm_k": 16,
  "gmm_tau": 0.55,
  "alpha": 0.8,
  "gamma": 0.8,
  "stage": "final",
  "best_epoch": 116,
  "val_roc": 0.9188364729864534,
  "val_ap": 0.9298155834477811,
  "test_hit1": 0.020872865275142316,
  "test_hit3": 0.4098671726755218,
  "test_hit10": 0.6129032258064516
}