{
  "dataset": "LastFMAsia",
  "ver": "aron_desc",
  "seed": 0,
  "pre_prune_frac": 0.1,
  "pre_prune_scope": "cp_all",
  "gmm_k": 16,
  "gmm_tau": 0.55,
  "alpha": 0.8,
  "gamma": 0.8,
  "stage": "final",
  "best_epoch": 222,
  "val_roc": 0.9604016355261115,
  "val_ap": 0.9605457963088125,
  "test_hit1": 0.0618705035971223,
  "test_hit3": 0.2550359712230216,
  "test_hit10": 0.3989208633093525
}