{
  "dataset": "Cora_ML",
  "ver": "aron_desc",
  "seed": 4,
  "pre_prune_frac": 0.15,
  "pre_prune_scope": "cp_all",
  "gmm_k": 16,
  "gmm_tau": 0.55,
  "alpha": 0.8,
  "gamma": 0.8,
  "stage": "final",
  "best_epoch": 178,
  "val_roc": 0.9580317418155256,
  "val_ap": 0.9648016361992681,
  "test_hit1": 0.06748466257668712,
  "test_hit3": 0.3717791411042945,
  "test_hit10": 0.5987730061349693
}