{
  "dataset": "cora",
  "ver": "aron_desc",
  "seed": 0,
  "pre_prune_frac": 0.55,
  "pre_prune_scope": "cp_all",
  "gmm_k": 16,
  "gmm_tau": 0.55,
  "alpha": 0.8,
  "gamma": 0.8,
  "stage": "final",
  "best_epoch": 135,
  "val_roc": 0.9149329902123784,
  "val_ap": 0.9241383223023971,
  "test_hit1": 0.020872865275142316,
  "test_hit3": 0.45161290322580644,
  "test_hit10": 0.5521821631878557
}