{
  "dataset": "LastFMAsia",
  "ver": "aron_desc",
  "seed": 1,
  "pre_prune_frac": 0.95,
  "pre_prune_scope": "cp_minus_c0p",
  "gmm_k": 16,
  "gmm_tau": 0.55,
  "alpha": 0.8,
  "gamma": 0.8,
  "stage": "final",
  "best_epoch": 223,
  "val_roc": 0.9648641374670048,
  "val_ap": 0.9633388697561834,
  "test_hit1": 0.041726618705035974,
  "test_hit3": 0.22697841726618706,
  "test_hit10": 0.40431654676258993
}