{
  "dataset": "cora",
  "ver": "aron_desc",
  "seed": 1,
  "pre_prune_frac": 0.1,
  "pre_prune_scope": "cp_all",
  "gmm_k": 16,
  "gmm_tau": 0.55,
  "alpha": 0.8,
  "gamma": 0.8,
  "stage": "final",
  "best_epoch": 115,
  "val_roc": 0.9321806011363473,
  "val_ap": 0.9445822327361394,
  "test_hit1": 0.04174573055028463,
  "test_hit3": 0.5066413662239089,
  "test_hit10": 0.6679316888045541
}