{
  "dataset": "LastFMAsia",
  "ver": "aron_desc",
  "seed": 4,
  "pre_prune_frac": 0.2,
  "pre_prune_scope": "cp_all",
  "gmm_k": 16,
  "gmm_tau": 0.55,
  "alpha": 0.8,
  "gamma": 0.8,
  "stage": "final",
  "best_epoch": 223,
  "val_roc": 0.9558133636975312,
  "val_ap": 0.9567965082830279,
  "test_hit1": 0.08992805755395683,
  "test_hit3": 0.2143884892086331,
  "test_hit10": 0.3532374100719424
}