{
  "dataset": "cora",
  "ver": "aron_desc",
  "seed": 1,
  "pre_prune_frac": 0.75,
  "pre_prune_scope": "cp_all",
  "gmm_k": 16,
  "gmm_tau": 0.55,
  "alpha": 0.8,
  "gamma": 0.8,
  "stage": "final",
  "best_epoch": 303,
  "val_roc": 0.8917289537220432,
  "val_ap": 0.9048028569844999,
  "test_hit1": 0.026565464895635674,
  "test_hit3": 0.24857685009487665,
  "test_hit10": 0.4250474383301708
}