{
  "dataset": "cora",
  "ver": "aron_desc",
  "seed": 2,
  "pre_prune_frac": 0.1,
  "pre_prune_scope": "cp_all",
  "gmm_k": 16,
  "gmm_tau": 0.55,
  "alpha": 0.8,
  "gamma": 0.8,
  "stage": "final",
  "best_epoch": 115,
  "val_roc": 0.9322239731671702,
  "val_ap": 0.9448325030387528,
  "test_hit1": 0.04174573055028463,
  "test_hit3": 0.5199240986717267,
  "test_hit10": 0.6698292220113852
}