{
  "dataset": "Cora_ML",
  "ver": "aron_desc",
  "seed": 1,
  "pre_prune_frac": 0.1,
  "pre_prune_scope": "cp_all",
  "gmm_k": 16,
  "gmm_tau": 0.55,
  "alpha": 0.8,
  "gamma": 0.8,
  "stage": "final",
  "best_epoch": 105,
  "val_roc": 0.9581947370645159,
  "val_ap": 0.96610984160868,
  "test_hit1": 0.06012269938650307,
  "test_hit3": 0.36809815950920244,
  "test_hit10": 0.5852760736196319
}