{
  "dataset": "LastFMAsia",
  "ver": "aron_desc",
  "seed": 1,
  "pre_prune_frac": 0.2,
  "pre_prune_scope": "cp_all",
  "gmm_k": 16,
  "gmm_tau": 0.55,
  "alpha": 0.8,
  "gamma": 0.8,
  "stage": "final",
  "best_epoch": 223,
  "val_roc": 0.9559334402981211,
  "val_ap": 0.9569934090968992,
  "test_hit1": 0.08992805755395683,
  "test_hit3": 0.21798561151079138,
  "test_hit10": 0.3535971223021583
}