{
  "dataset": "cora",
  "ver": "aron_desc",
  "seed": 2,
  "pre_prune_frac": 0.15,
  "pre_prune_scope": "cp_all",
  "gmm_k": 16,
  "gmm_tau": 0.55,
  "alpha": 0.8,
  "gamma": 0.8,
  "stage": "final",
  "best_epoch": 130,
  "val_roc": 0.9238820859055358,
  "val_ap": 0.9394964891628412,
  "test_hit1": 0.03984819734345351,
  "test_hit3": 0.523719165085389,
  "test_hit10": 0.6470588235294118
}