{
  "dataset": "LastFMAsia",
  "ver": "aron_desc",
  "seed": 2,
  "pre_prune_frac": 0.95,
  "pre_prune_scope": "cp_minus_c0p",
  "gmm_k": 16,
  "gmm_tau": 0.55,
  "alpha": 0.8,
  "gamma": 0.8,
  "stage": "final",
  "best_epoch": 313,
  "val_roc": 0.9648843227576213,
  "val_ap": 0.9631815462464841,
  "test_hit1": 0.053597122302158275,
  "test_hit3": 0.1787769784172662,
  "test_hit10": 0.3194244604316547
}