{
  "dataset": "cora",
  "ver": "aron_desc",
  "seed": 0,
  "pre_prune_frac": 0.8,
  "pre_prune_scope": "cp_all",
  "gmm_k": 16,
  "gmm_tau": 0.55,
  "alpha": 0.8,
  "gamma": 0.8,
  "stage": "final",
  "best_epoch": 212,
  "val_roc": 0.8897338403041826,
  "val_ap": 0.9009809903720708,
  "test_hit1": 0.12144212523719165,
  "test_hit3": 0.2144212523719165,
  "test_hit10": 0.41935483870967744
}