{
  "dataset": "LastFMAsia",
  "ver": "aron_desc",
  "seed": 4,
  "pre_prune_frac": 0.75,
  "pre_prune_scope": "cp_all",
  "gmm_k": 16,
  "gmm_tau": 0.55,
  "alpha": 0.8,
  "gamma": 0.8,
  "stage": "final",
  "best_epoch": 162,
  "val_roc": 0.9236923554681433,
  "val_ap": 0.9280984020075487,
  "test_hit1": 0.06402877697841726,
  "test_hit3": 0.10107913669064748,
  "test_hit10": 0.22841726618705036
}