{
  "dataset": "citeseer",
  "ver": "aron_desc",
  "seed": 3,
  "pre_prune_frac": 0.4,
  "pre_prune_scope": "cp_all",
  "gmm_k": 16,
  "gmm_tau": 0.55,
  "alpha": 0.8,
  "gamma": 0.8,
  "stage": "final",
  "best_epoch": 259,
  "val_roc": 0.9541423276213393,
  "val_ap": 0.9599546740921421,
  "test_hit1": 0.27912087912087913,
  "test_hit3": 0.4197802197802198,
  "test_hit10": 0.6351648351648351
}