{
  "dataset": "LastFMAsia",
  "ver": "aron_desc",
  "seed": 0,
  "pre_prune_frac": 0.8,
  "pre_prune_scope": "cp_all",
  "gmm_k": 16,
  "gmm_tau": 0.55,
  "alpha": 0.8,
  "gamma": 0.8,
  "stage": "final",
  "best_epoch": 280,
  "val_roc": 0.9185430360747374,
  "val_ap": 0.9230124464015219,
  "test_hit1": 0.08884892086330935,
  "test_hit3": 0.09244604316546763,
  "test_hit10": 0.23093525179856114
}