{
  "dataset": "LastFMAsia",
  "ver": "aron_desc",
  "seed": 4,
  "pre_prune_frac": 0.15,
  "pre_prune_scope": "cp_all",
  "gmm_k": 16,
  "gmm_tau": 0.55,
  "alpha": 0.8,
  "gamma": 0.8,
  "stage": "final",
  "best_epoch": 223,
  "val_roc": 0.9578287873298483,
  "val_ap": 0.958569706909256,
  "test_hit1": 0.07949640287769784,
  "test_hit3": 0.19676258992805756,
  "test_hit10": 0.40575539568345326
}