{
  "dataset": "LastFMAsia",
  "ver": "aron_desc",
  "seed": 0,
  "pre_prune_frac": 0.65,
  "pre_prune_scope": "cp_all",
  "gmm_k": 16,
  "gmm_tau": 0.55,
  "alpha": 0.8,
  "gamma": 0.8,
  "stage": "final",
  "best_epoch": 432,
  "val_roc": 0.931150043993582,
  "val_ap": 0.9350185278798387,
  "test_hit1": 0.11690647482014388,
  "test_hit3": 0.13417266187050358,
  "test_hit10": 0.25719424460431656
}