{
  "dataset": "Cora_ML",
  "ver": "aron_desc",
  "seed": 3,
  "pre_prune_frac": 0.4,
  "pre_prune_scope": "cp_all",
  "gmm_k": 16,
  "gmm_tau": 0.55,
  "alpha": 0.8,
  "gamma": 0.8,
  "stage": "final",
  "best_epoch": 7,
  "val_roc": 0.9423781610513797,
  "val_ap": 0.9479189705804312,
  "test_hit1": 0.05030674846625767,
  "test_hit3": 0.12147239263803682,
  "test_hit10": 0.4196319018404908
}