{
  "dataset": "cora",
  "ver": "aron_desc",
  "seed": 0,
  "pre_prune_frac": 0.1,
  "pre_prune_scope": "cp_all",
  "gmm_k": 16,
  "gmm_tau": 0.55,
  "alpha": 0.8,
  "gamma": 0.8,
  "stage": "final",
  "best_epoch": 116,
  "val_roc": 0.9308938975552632,
  "val_ap": 0.9437226678405556,
  "test_hit1": 0.056925996204933584,
  "test_hit3": 0.4971537001897533,
  "test_hit10": 0.6736242884250474
}