{
  "dataset": "cora",
  "ver": "aron_desc",
  "seed": 2,
  "pre_prune_frac": 0.75,
  "pre_prune_scope": "cp_all",
  "gmm_k": 16,
  "gmm_tau": 0.55,
  "alpha": 0.8,
  "gamma": 0.8,
  "stage": "final",
  "best_epoch": 263,
  "val_roc": 0.890774769043936,
  "val_ap": 0.9023832799188216,
  "test_hit1": 0.07969639468690702,
  "test_hit3": 0.25616698292220114,
  "test_hit10": 0.43833017077798864
}