{
  "dataset": "LastFMAsia",
  "ver": "aron_desc",
  "seed": 4,
  "pre_prune_frac": 0.25,
  "pre_prune_scope": "cp_all",
  "gmm_k": 16,
  "gmm_tau": 0.55,
  "alpha": 0.8,
  "gamma": 0.8,
  "stage": "final",
  "best_epoch": 403,
  "val_roc": 0.9529718958646033,
  "val_ap": 0.9537763746494754,
  "test_hit1": 0.14568345323741008,
  "test_hit3": 0.21402877697841727,
  "test_hit10": 0.2737410071942446
}