{
  "dataset": "citeseer",
  "ver": "aron_desc",
  "seed": 3,
  "pre_prune_frac": 0.25,
  "pre_prune_scope": "cp_all",
  "gmm_k": 16,
  "gmm_tau": 0.55,
  "alpha": 0.8,
  "gamma": 0.8,
  "stage": "final",
  "best_epoch": 258,
  "val_roc": 0.9611286848182576,
  "val_ap": 0.9656843237416372,
  "test_hit1": 0.2703296703296703,
  "test_hit3": 0.44395604395604393,
  "test_hit10": 0.6725274725274726
}