{
  "dataset": "Cora_ML",
  "ver": "aron_desc",
  "seed": 2,
  "pre_prune_frac": 0.55,
  "pre_prune_scope": "cp_all",
  "gmm_k": 16,
  "gmm_tau": 0.55,
  "alpha": 0.8,
  "gamma": 0.8,
  "stage": "final",
  "best_epoch": 10,
  "val_roc": 0.938587012297086,
  "val_ap": 0.9433833629412598,
  "test_hit1": 0.06748466257668712,
  "test_hit3": 0.22699386503067484,
  "test_hit10": 0.35828220858895704
}