{
  "dataset": "citeseer",
  "ver": "aron_desc",
  "seed": 0,
  "pre_prune_frac": 0.1,
  "pre_prune_scope": "cp_all",
  "gmm_k": 16,
  "gmm_tau": 0.55,
  "alpha": 0.8,
  "gamma": 0.8,
  "stage": "final",
  "best_epoch": 290,
  "val_roc": 0.9579266044363367,
  "val_ap": 0.9648426778266165,
  "test_hit1": 0.4021978021978022,
  "test_hit3": 0.5758241758241758,
  "test_hit10": 0.7384615384615385
}