{
  "dataset": "cora",
  "ver": "aron_desc",
  "seed": 4,
  "pre_prune_frac": 0.4,
  "pre_prune_scope": "cp_all",
  "gmm_k": 16,
  "gmm_tau": 0.55,
  "alpha": 0.8,
  "gamma": 0.8,
  "stage": "final",
  "best_epoch": 132,
  "val_roc": 0.9222484060778673,
  "val_ap": 0.930870429545652,
  "test_hit1": 0.018975332068311195,
  "test_hit3": 0.42314990512333966,
  "test_hit10": 0.5502846299810247
}