{
  "dataset": "cora",
  "ver": "aron_desc",
  "seed": 4,
  "pre_prune_frac": 0.05,
  "pre_prune_scope": "cp_all",
  "gmm_k": 16,
  "gmm_tau": 0.55,
  "alpha": 0.8,
  "gamma": 0.8,
  "stage": "final",
  "best_epoch": 115,
  "val_roc": 0.9375298182711908,
  "val_ap": 0.9509004029953805,
  "test_hit1": 0.03984819734345351,
  "test_hit3": 0.5142314990512334,
  "test_hit10": 0.683111954459203
}