{
  "dataset": "LastFMAsia",
  "ver": "aron_desc",
  "seed": 0,
  "pre_prune_frac": 0.0,
  "pre_prune_scope": "cp_all",
  "gmm_k": 16,
  "gmm_tau": 0.55,
  "alpha": 0.8,
  "gamma": 0.8,
  "stage": "final",
  "best_epoch": 313,
  "val_roc": 0.9662708969515036,
  "val_ap": 0.9640879300327967,
  "test_hit1": 0.06330935251798561,
  "test_hit3": 0.1787769784172662,
  "test_hit10": 0.31546762589928057
}