{
  "dataset": "Cora_ML",
  "ver": "aron_desc",
  "seed": 0,
  "pre_prune_frac": 0.65,
  "pre_prune_scope": "cp_all",
  "gmm_k": 16,
  "gmm_tau": 0.55,
  "alpha": 0.8,
  "gamma": 0.8,
  "stage": "final",
  "best_epoch": 7,
  "val_roc": 0.9359006091192823,
  "val_ap": 0.9406894035472463,
  "test_hit1": 0.06993865030674846,
  "test_hit3": 0.20736196319018405,
  "test_hit10": 0.38404907975460123
}