{
  "dataset": "Cora_ML",
  "ver": "aron_desc",
  "seed": 0,
  "pre_prune_frac": 0.4,
  "pre_prune_scope": "cp_all",
  "gmm_k": 16,
  "gmm_tau": 0.55,
  "alpha": 0.8,
  "gamma": 0.8,
  "stage": "final",
  "best_epoch": 15,
  "val_roc": 0.9420219862480304,
  "val_ap": 0.9482707655594764,
  "test_hit1": 0.05644171779141104,
  "test_hit3": 0.1705521472392638,
  "test_hit10": 0.4
}