{
  "dataset": "Cora_ML",
  "ver": "aron_desc",
  "seed": 2,
  "pre_prune_frac": 0.15,
  "pre_prune_scope": "cp_all",
  "gmm_k": 16,
  "gmm_tau": 0.55,
  "alpha": 0.8,
  "gamma": 0.8,
  "stage": "final",
  "best_epoch": 72,
  "val_roc": 0.9554238178316803,
  "val_ap": 0.9610480437480731,
  "test_hit1": 0.08588957055214724,
  "test_hit3": 0.3521472392638037,
  "test_hit10": 0.4822085889570552
}