{
  "dataset": "citeseer",
  "ver": "aron_desc",
  "seed": 1,
  "pre_prune_frac": 0.65,
  "pre_prune_scope": "cp_all",
  "gmm_k": 16,
  "gmm_tau": 0.55,
  "alpha": 0.8,
  "gamma": 0.8,
  "stage": "final",
  "best_epoch": 135,
  "val_roc": 0.9461274233926528,
  "val_ap": 0.9552846787115739,
  "test_hit1": 0.24615384615384617,
  "test_hit3": 0.4021978021978022,
  "test_hit10": 0.5692307692307692
}