{
  "dataset": "citeseer",
  "ver": "aron_desc",
  "seed": 1,
  "pre_prune_frac": 0.15,
  "pre_prune_scope": "cp_all",
  "gmm_k": 16,
  "gmm_tau": 0.55,
  "alpha": 0.8,
  "gamma": 0.8,
  "stage": "final",
  "best_epoch": 304,
  "val_roc": 0.9605464883851813,
  "val_ap": 0.966597963144032,
  "test_hit1": 0.4,
  "test_hit3": 0.545054945054945,
  "test_hit10": 0.6747252747252748
}