{
  "dataset": "cora",
  "ver": "aron_desc",
  "seed": 3,
  "pre_prune_frac": 0.0,
  "pre_prune_scope": "cp_all",
  "gmm_k": 16,
  "gmm_tau": 0.55,
  "alpha": 0.8,
  "gamma": 0.8,
  "stage": "final",
  "best_epoch": 114,
  "val_roc": 0.9436163599300266,
  "val_ap": 0.9551265049053509,
  "test_hit1": 0.03415559772296015,
  "test_hit3": 0.5654648956356736,
  "test_hit10": 0.7172675521821632
}