{
  "dataset": "Cora_ML",
  "ver": "aron_desc",
  "seed": 2,
  "pre_prune_frac": 0.4,
  "pre_prune_scope": "cp_all",
  "gmm_k": 16,
  "gmm_tau": 0.55,
  "alpha": 0.8,
  "gamma": 0.8,
  "stage": "final",
  "best_epoch": 10,
  "val_roc": 0.9424023084956746,
  "val_ap": 0.9476796909839522,
  "test_hit1": 0.05889570552147239,
  "test_hit3": 0.1656441717791411,
  "test_hit10": 0.3950920245398773
}