{
  "dataset": "cora",
  "ver": "aron_desc",
  "seed": 3,
  "pre_prune_frac": 0.3,
  "pre_prune_scope": "cp_all",
  "gmm_k": 16,
  "gmm_tau": 0.55,
  "alpha": 0.8,
  "gamma": 0.8,
  "stage": "final",
  "best_epoch": 116,
  "val_roc": 0.9240411166852203,
  "val_ap": 0.9341760154437293,
  "test_hit1": 0.03225806451612903,
  "test_hit3": 0.4459203036053131,
  "test_hit10": 0.618595825426945
}