{
  "dataset": "cora",
  "ver": "aron_desc",
  "seed": 4,
  "pre_prune_frac": 0.55,
  "pre_prune_scope": "cp_all",
  "gmm_k": 16,
  "gmm_tau": 0.55,
  "alpha": 0.8,
  "gamma": 0.8,
  "stage": "final",
  "best_epoch": 152,
  "val_roc": 0.9128800474200871,
  "val_ap": 0.9219277313544968,
  "test_hit1": 0.022770398481973434,
  "test_hit3": 0.4269449715370019,
  "test_hit10": 0.5673624288425048
}