{
  "dataset": "LastFMAsia",
  "ver": "aron_desc",
  "seed": 2,
  "pre_prune_frac": 0.3,
  "pre_prune_scope": "cp_all",
  "gmm_k": 16,
  "gmm_tau": 0.55,
  "alpha": 0.8,
  "gamma": 0.8,
  "stage": "final",
  "best_epoch": 315,
  "val_roc": 0.9498726773976502,
  "val_ap": 0.9524123058727204,
  "test_hit1": 0.10107913669064748,
  "test_hit3": 0.24496402877697843,
  "test_hit10": 0.3255395683453237
}