{
  "dataset": "cora",
  "ver": "aron_desc",
  "seed": 2,
  "pre_prune_frac": 0.4,
  "pre_prune_scope": "cp_all",
  "gmm_k": 16,
  "gmm_tau": 0.55,
  "alpha": 0.8,
  "gamma": 0.8,
  "stage": "final",
  "best_epoch": 131,
  "val_roc": 0.9233616215356591,
  "val_ap": 0.9314889568386112,
  "test_hit1": 0.018975332068311195,
  "test_hit3": 0.428842504743833,
  "test_hit10": 0.5521821631878557
}