{
  "dataset": "LastFMAsia",
  "ver": "aron_desc",
  "seed": 2,
  "pre_prune_frac": 0.25,
  "pre_prune_scope": "cp_all",
  "gmm_k": 16,
  "gmm_tau": 0.55,
  "alpha": 0.8,
  "gamma": 0.8,
  "stage": "final",
  "best_epoch": 403,
  "val_roc": 0.9528342218311682,
  "val_ap": 0.9537542754843209,
  "test_hit1": 0.14316546762589927,
  "test_hit3": 0.2143884892086331,
  "test_hit10": 0.2816546762589928
}