{
  "dataset": "citeseer",
  "ver": "aron_desc",
  "seed": 0,
  "pre_prune_frac": 0.45,
  "pre_prune_scope": "cp_all",
  "gmm_k": 16,
  "gmm_tau": 0.55,
  "alpha": 0.8,
  "gamma": 0.8,
  "stage": "final",
  "best_epoch": 364,
  "val_roc": 0.9536377573793399,
  "val_ap": 0.9574220703492782,
  "test_hit1": 0.15604395604395604,
  "test_hit3": 0.4,
  "test_hit10": 0.6483516483516484
}