{
  "dataset": "Cora_ML",
  "ver": "aron_desc",
  "seed": 1,
  "pre_prune_frac": 0.25,
  "pre_prune_scope": "cp_all",
  "gmm_k": 16,
  "gmm_tau": 0.55,
  "alpha": 0.8,
  "gamma": 0.8,
  "stage": "final",
  "best_epoch": 84,
  "val_roc": 0.9496706892284288,
  "val_ap": 0.957500380206538,
  "test_hit1": 0.049079754601226995,
  "test_hit3": 0.1705521472392638,
  "test_hit10": 0.5239263803680981
}