{
  "dataset": "cora",
  "ver": "aron_desc",
  "seed": 3,
  "pre_prune_frac": 0.85,
  "pre_prune_scope": "cp_all",
  "gmm_k": 16,
  "gmm_tau": 0.55,
  "alpha": 0.8,
  "gamma": 0.8,
  "stage": "final",
  "best_epoch": 9,
  "val_roc": 0.8861339617458689,
  "val_ap": 0.8919982010995424,
  "test_hit1": 0.15749525616698293,
  "test_hit3": 0.22011385199240988,
  "test_hit10": 0.3396584440227704
}